date,QQQ
2020-01-02,208.31755066
2020-01-03,206.40936279
2020-01-06,207.73928833
2020-01-07,207.71037292
2020-01-08,209.27162170
2020-01-09,211.04487610
2020-01-10,210.50518799
2020-01-13,212.93370056
2020-01-14,212.09532166
2020-01-15,212.18205261
2020-01-16,214.21548462
2020-01-17,215.27560425
2020-01-21,215.17921448
2020-01-22,215.74780273
2020-01-23,216.44169617
2020-01-24,214.62026978
2020-01-27,210.18716431
2020-01-28,213.41563416
2020-01-29,213.76252747
2020-01-30,214.52389526
2020-01-31,211.12202454
2020-02-03,214.31188965
2020-02-04,219.21722412
2020-02-05,219.93998718
2020-02-06,221.83851624
2020-02-07,220.88446045
2020-02-10,223.55392456
2020-02-11,223.59248352
2020-02-12,225.77050781
2020-02-13,225.48136902
2020-02-14,226.12709045
2020-02-18,226.21380615
2020-02-19,228.38217163
2020-02-20,226.26197815
2020-02-21,221.91560364
2020-02-24,213.35781860
2020-02-25,207.55621338
2020-02-26,208.62593079
2020-02-27,198.17922974
2020-02-28,198.33338928
2020-03-02,208.56809998
2020-03-03,201.87992859
2020-03-04,210.30282593
2020-03-05,203.91334534
2020-03-06,200.47288513
2020-03-09,186.54714966
2020-03-10,196.70474243
2020-03-11,188.13726807
2020-03-12,170.88665771
2020-03-13,185.36174011
2020-03-16,163.15766907
2020-03-17,175.53179932
2020-03-18,170.19285583
2020-03-19,171.21434021
2020-03-20,164.50689697
2020-03-23,164.62567139
2020-03-24,177.37387085
2020-03-25,176.06040955
2020-03-26,185.33181763
2020-03-27,178.95771790
2020-03-30,185.46699524
2020-03-31,183.88314819
2020-04-01,176.07005310
2020-04-02,179.64341736
2020-04-03,177.09378052
2020-04-06,189.75505066
2020-04-07,189.67784119
2020-04-08,193.70509338
2020-04-09,193.98515320
2020-04-13,196.08085632
2020-04-14,204.60865784
2020-04-15,202.26182556
2020-04-16,205.95108032
2020-04-17,207.92123413
2020-04-20,205.45851135
2020-04-21,197.87725830
2020-04-22,203.74911499
2020-04-23,203.31452942
2020-04-24,206.52090454
2020-04-27,208.18199158
2020-04-28,204.26097107
2020-04-29,211.50427246
2020-04-30,211.41735840
2020-05-01,205.45851135
2020-05-04,207.85366821
2020-05-05,210.21014404
2020-05-06,211.50427246
2020-05-07,214.22775269
2020-05-08,217.16368103
2020-05-11,219.10487366
2020-05-12,214.51751709
2020-05-13,211.83267212
2020-05-14,214.23741150
2020-05-15,215.62814331
2020-05-18,219.64573669
2020-05-19,219.09526062
2020-05-20,223.47018433
2020-05-21,221.03648376
2020-05-22,221.79937744
2020-05-26,221.20060730
2020-05-27,222.40783691
2020-05-28,222.11808777
2020-05-29,225.37275696
2020-06-01,226.04884338
2020-06-02,227.56506348
2020-06-03,228.58880615
2020-06-04,226.98559570
2020-06-05,231.48611450
2020-06-08,233.28240967
2020-06-09,234.97256470
2020-06-10,237.79260254
2020-06-11,226.01020813
2020-06-12,227.80647278
2020-06-15,230.57829285
2020-06-16,234.53796387
2020-06-17,235.28158569
2020-06-18,235.91902161
2020-06-19,235.88040161
2020-06-22,238.70922852
2020-06-23,240.74085999
2020-06-24,235.77786255
2020-06-25,238.02232361
2020-06-26,232.40145874
2020-06-29,234.93615723
2020-06-30,239.54121399
2020-07-01,242.33717346
2020-07-02,243.98185730
2020-07-06,249.98002625
2020-07-07,248.25796509
2020-07-08,251.52795410
2020-07-09,253.64668274
2020-07-10,255.37840271
2020-07-13,250.12510681
2020-07-14,251.89552307
2020-07-15,252.40832520
2020-07-16,250.68629456
2020-07-17,250.97656250
2020-07-20,258.09695435
2020-07-21,255.40747070
2020-07-22,256.30725098
2020-07-23,249.61238098
2020-07-24,247.24217224
2020-07-27,251.65377808
2020-07-28,248.45146179
2020-07-29,251.31513977
2020-07-30,252.63076782
2020-07-31,257.13925171
2020-08-03,260.61233521
2020-08-04,261.57977295
2020-08-05,262.22787476
2020-08-06,265.70117188
2020-08-07,262.63424683
2020-08-10,261.51202393
2020-08-11,256.55865479
2020-08-12,263.01156616
2020-08-13,263.61145020
2020-08-14,263.30184937
2020-08-17,266.35906982
2020-08-18,268.92276001
2020-08-19,267.11364746
2020-08-20,270.81900024
2020-08-21,272.69577026
2020-08-24,274.39849854
2020-08-25,276.55599976
2020-08-26,282.45739746
2020-08-27,281.57702637
2020-08-28,283.00885010
2020-08-31,285.28244019
2020-09-01,290.15832520
2020-09-02,292.90588379
2020-09-03,278.05551147
2020-09-04,274.35006714
2020-09-08,261.16378784
2020-09-09,268.83566284
2020-09-10,263.47598267
2020-09-11,261.64758301
2020-09-14,266.20422363
2020-09-15,269.97723389
2020-09-16,265.67202759
2020-09-17,261.52182007
2020-09-18,258.18395996
2020-09-21,258.80316162
2020-09-22,263.61145020
2020-09-23,255.56222534
2020-09-24,256.75225830
2020-09-25,262.72140503
2020-09-28,268.17782593
2020-09-29,266.96847534
2020-09-30,268.79696655
2020-10-01,273.06347656
2020-10-02,265.38189697
2020-10-05,271.04150391
2020-10-06,266.20422363
2020-10-07,270.80929565
2020-10-08,272.25079346
2020-10-09,276.41079712
2020-10-12,284.94375610
2020-10-13,284.93411255
2020-10-14,282.55413818
2020-10-15,280.65795898
2020-10-16,279.11972046
2020-10-19,274.56295776
2020-10-20,275.15319824
2020-10-21,274.94027710
2020-10-22,274.93069458
2020-10-23,275.47235107
2020-10-26,271.34146118
2020-10-27,273.46017456
2020-10-28,262.79867554
2020-10-29,267.39410400
2020-10-30,260.61233521
2020-11-02,261.19284058
2020-11-03,265.71081543
2020-11-04,277.57174683
2020-11-05,284.80841064
2020-11-06,285.02111816
2020-11-09,279.19714355
2020-11-10,274.19537354
2020-11-11,280.32904053
2020-11-12,279.01327515
2020-11-13,281.46090698
2020-11-16,283.65698242
2020-11-17,282.75723267
2020-11-18,280.66760254
2020-11-19,282.86370850
2020-11-20,280.92883301
2020-11-23,280.93856812
2020-11-24,284.88565063
2020-11-25,286.63677979
2020-11-27,289.27795410
2020-11-30,289.86819458
2020-12-01,293.58319092
2020-12-02,293.96041870
2020-12-03,294.37643433
2020-12-04,295.57595825
2020-12-07,297.24978638
2020-12-08,298.25588989
2020-12-09,291.50305176
2020-12-10,292.67373657
2020-12-11,292.02554321
2020-12-14,294.14425659
2020-12-15,297.28848267
2020-12-16,298.92346191
2020-12-17,300.87774658
2020-12-18,299.96832275
2020-12-21,299.40716553
2020-12-22,300.22119141
2020-12-23,298.70932007
2020-12-24,300.02743530
2020-12-28,303.05133057
2020-12-29,303.32263184
2020-12-30,303.33236694
2020-12-31,304.07864380
2021-01-04,299.78512573
2021-01-05,302.25646973
2021-01-06,298.06961060
2021-01-07,305.28048706
2021-01-08,309.20581055
2021-01-11,304.73773193
2021-01-12,304.25314331
2021-01-13,306.30783081
2021-01-14,304.66995239
2021-01-15,302.25646973
2021-01-19,306.66644287
2021-01-20,313.79983521
2021-01-21,316.31008911
2021-01-22,315.39898682
2021-01-25,318.00622559
2021-01-26,318.47137451
2021-01-27,309.59347534
2021-01-28,311.42535400
2021-01-29,304.87335205
2021-02-01,312.49145508
2021-02-02,317.58941650
2021-02-03,316.32946777
2021-02-04,320.07055664
2021-02-05,321.15606689
2021-02-08,323.30773926
2021-02-09,323.23983765
2021-02-10,322.50329590
2021-02-11,324.27691650
2021-02-12,326.08935547
2021-02-16,325.20745850
2021-02-17,323.64697266
2021-02-18,322.23196411
2021-02-19,320.82659912
2021-02-22,312.51080322
2021-02-23,311.58035278
2021-02-24,314.14877319
2021-02-25,303.19677734
2021-02-26,304.46649170
2021-03-01,313.62545776
2021-03-02,308.59509277
2021-03-03,299.63973999
2021-03-04,294.73550415
2021-03-05,299.17453003
2021-03-08,290.70367432
2021-03-09,302.16934204
2021-03-10,301.30682373
2021-03-11,308.24624634
2021-03-12,305.74575806
2021-03-15,309.01190186
2021-03-16,310.70803833
2021-03-17,311.98742676
2021-03-18,302.43109131
2021-03-19,303.49719238
2021-03-22,309.18869019
2021-03-23,307.83984375
2021-03-24,302.64801025
2021-03-25,302.12390137
2021-03-26,306.65594482
2021-03-29,306.56857300
2021-03-30,305.02563477
2021-03-31,309.69342041
2021-04-01,314.97256470
2021-04-05,321.26083374
2021-04-06,321.03771973
2021-04-07,321.81399536
2021-04-08,325.17172241
2021-04-09,327.14166260
2021-04-12,326.71475220
2021-04-13,330.52847290
2021-04-14,326.55944824
2021-04-15,331.50863647
2021-04-16,331.89682007
2021-04-19,328.85931396
2021-04-20,326.46240234
2021-04-21,329.25717163
2021-04-22,325.28823853
2021-04-23,329.38342285
2021-04-26,331.52798462
2021-04-27,330.09182739
2021-04-28,328.97576904
2021-04-29,330.15969849
2021-04-30,327.99560547
2021-05-03,326.24887085
2021-05-04,320.37786865
2021-05-05,319.30062866
2021-05-06,321.70727539
2021-05-07,324.31777954
2021-05-10,316.12728882
2021-05-11,315.69061279
2021-05-12,307.51965332
2021-05-13,309.89715576
2021-05-14,316.73867798
2021-05-17,314.81723022
2021-05-18,312.69201660
2021-05-19,313.05102539
2021-05-20,319.10653687
2021-05-21,317.34036255
2021-05-24,322.67770386
2021-05-25,323.12411499
2021-05-26,324.24978638
2021-05-27,323.03674316
2021-05-28,324.05575562
2021-06-01,322.97857666
2021-06-02,323.60940552
2021-06-03,320.24194336
2021-06-04,325.67636108
2021-06-07,326.64685059
2021-06-08,326.80209351
2021-06-09,326.87979126
2021-06-10,330.28588867
2021-06-11,331.14953613
2021-06-14,334.32290649
2021-06-15,332.13946533
2021-06-16,330.92642212
2021-06-17,335.12832642
2021-06-18,332.49850464
2021-06-21,334.56497192
2021-06-22,337.68365479
2021-06-23,337.84878540
2021-06-24,339.93768311
2021-06-25,339.51989746
2021-06-28,343.64901733
2021-06-29,344.89260864
2021-06-30,344.34854126
2021-07-01,344.48464966
2021-07-02,348.43869019
2021-07-06,349.94473267
2021-07-07,350.68316650
2021-07-08,348.56515503
2021-07-09,350.74130249
2021-07-12,352.11126709
2021-07-13,352.11126709
2021-07-14,352.74279785
2021-07-15,350.26531982
2021-07-16,347.42831421
2021-07-19,344.58175659
2021-07-20,348.58453369
2021-07-21,351.27572632
2021-07-22,353.59768677
2021-07-23,357.72689819
2021-07-26,358.00860596
2021-07-27,354.06408691
2021-07-28,355.42428589
2021-07-29,356.05575562
2021-07-30,354.20010376
2021-08-02,354.22924805
2021-08-03,356.37640381
2021-08-04,356.89126587
2021-08-05,359.15502930
2021-08-06,357.58111572
2021-08-09,358.24179077
2021-08-10,356.40557861
2021-08-11,355.79345703
2021-08-12,357.07589722
2021-08-13,358.32913208
2021-08-16,358.48471069
2021-08-17,355.32708740
2021-08-18,351.90725708
2021-08-19,353.60751343
2021-08-20,357.27020264
2021-08-23,362.61376953
2021-08-24,363.72134399
2021-08-25,364.13916016
2021-08-26,361.82687378
2021-08-27,365.34384155
2021-08-30,369.44381714
2021-08-31,369.14263916
2021-09-01,369.75469971
2021-09-02,369.57983398
2021-09-03,370.71652222
2021-09-07,371.24121094
2021-09-08,369.94903564
2021-09-09,368.67626953
2021-09-10,365.87823486
2021-09-13,365.62564087
2021-09-14,364.58612061
2021-09-15,367.29666138
2021-09-16,367.54925537
2021-09-17,363.19668579
2021-09-20,355.69189453
2021-09-21,356.12954712
2021-09-22,359.45599365
2021-09-23,362.77270508
2021-09-24,363.11312866
2021-09-27,360.21459961
2021-09-28,350.02145386
2021-09-29,349.44754028
2021-09-30,348.16375732
2021-10-01,350.32296753
2021-10-04,342.96990967
2021-10-05,347.59960938
2021-10-06,349.82696533
2021-10-07,353.03659058
2021-10-08,351.27612305
2021-10-11,348.58193970
2021-10-12,347.36621094
2021-10-13,350.14785767
2021-10-14,356.59643555
2021-10-15,358.84317017
2021-10-18,362.45162964
2021-10-19,365.19448853
2021-10-20,364.71792603
2021-10-21,366.94525146
2021-10-22,363.86206055
2021-10-25,367.58724976
2021-10-26,368.74462891
2021-10-27,369.60055542
2021-10-28,373.70501709
2021-10-29,375.54333496
2021-11-01,376.82720947
2021-11-02,378.40286255
2021-11-03,382.41973877
2021-11-04,387.32192993
2021-11-05,387.69152832
2021-11-08,387.16625977
2021-11-09,384.50128174
2021-11-10,378.85021973
2021-11-11,379.90069580
2021-11-12,383.89822388
2021-11-15,383.81063843
2021-11-16,386.54382324
2021-11-17,386.74807739
2021-11-18,390.75531006
2021-11-19,392.93402100
2021-11-22,388.37234497
2021-11-23,386.60214233
2021-11-24,387.84707642
2021-11-26,380.49401855
2021-11-29,388.75167847
2021-11-30,383.04238892
2021-12-01,376.52569580
2021-12-02,379.23931885
2021-12-03,372.64489746
2021-12-06,375.63079834
2021-12-07,386.94259644
2021-12-08,388.67382812
2021-12-09,382.95486450
2021-12-10,387.11761475
2021-12-13,381.52502441
2021-12-14,377.57604980
2021-12-15,386.18395996
2021-12-16,376.25332642
2021-12-17,374.37615967
2021-12-20,370.74462891
2021-12-21,379.04199219
2021-12-22,383.65814209
2021-12-23,386.55056763
2021-12-27,392.93920898
2021-12-28,391.11801147
2021-12-29,391.05960083
2021-12-30,389.89093018
2021-12-31,387.45632935
2022-01-03,391.18618774
2022-01-04,386.11230469
2022-01-05,374.25054932
2022-01-06,373.98760986
2022-01-07,369.93621826
2022-01-10,370.17968750
2022-01-11,375.74053955
2022-01-12,377.23056030
2022-01-13,367.79382324
2022-01-14,370.08236694
2022-01-18,360.86947632
2022-01-19,356.90582275
2022-01-20,352.27011108
2022-01-21,342.50219727
2022-01-24,344.07012939
2022-01-25,336.09405518
2022-01-26,335.56814575
2022-01-27,332.18881226
2022-01-28,342.60928345
2022-01-31,353.56546021
2022-02-01,355.97085571
2022-02-02,358.86331177
2022-02-03,344.31353760
2022-02-04,348.65707397
2022-02-07,345.85229492
2022-02-08,349.73809814
2022-02-09,357.14926147
2022-02-10,349.06604004
2022-02-11,337.99319458
2022-02-14,338.41192627
2022-02-15,346.82620239
2022-02-16,346.73855591
2022-02-17,336.42520142
2022-02-18,332.58807373
2022-02-22,329.24774170
2022-02-23,320.81399536
2022-02-24,331.59475708
2022-02-25,336.73684692
2022-02-28,337.73986816
2022-03-01,332.56869507
2022-03-02,338.14895630
2022-03-03,333.31854248
2022-03-04,328.48809814
2022-03-07,316.37307739
2022-03-08,314.90255737
2022-03-09,326.23846436
2022-03-10,322.61572266
2022-03-11,315.92510986
2022-03-14,309.85794067
2022-03-15,319.57717896
2022-03-16,331.42919922
2022-03-17,335.44155884
2022-03-18,342.30737305
2022-03-21,341.35571289
2022-03-22,348.06430054
2022-03-23,343.06213379
2022-03-24,350.68725586
2022-03-25,350.39477539
2022-03-28,355.81616211
2022-03-29,361.93966675
2022-03-30,357.94180298
2022-03-31,353.50527954
2022-04-01,352.83242798
2022-04-04,360.09677124
2022-04-05,352.10104370
2022-04-06,344.45657349
2022-04-07,345.27551270
2022-04-08,340.44888306
2022-04-11,332.39480591
2022-04-12,330.99060059
2022-04-13,337.71871948
2022-04-14,329.99609375
2022-04-18,330.24963379
2022-04-19,337.63098145
2022-04-20,332.70678711
2022-04-21,325.82275391
2022-04-22,317.29080200
2022-04-25,321.36654663
2022-04-26,309.23669434
2022-04-27,308.86608887
2022-04-28,319.83575439
2022-04-29,305.44360352
2022-05-02,310.54327393
2022-05-03,310.87481689
2022-05-04,321.38607788
2022-05-05,305.19979858
2022-05-06,301.54333496
2022-05-09,289.74481201
2022-05-10,293.26486206
2022-05-11,284.56710815
2022-05-12,283.89425659
2022-05-13,294.41546631
2022-05-16,291.00265503
2022-05-17,298.53997803
2022-05-18,283.88464355
2022-05-19,282.36346436
2022-05-20,281.48590088
2022-05-23,286.16625977
2022-05-24,280.08178711
2022-05-25,284.00164795
2022-05-26,291.87042236
2022-05-27,301.39703369
2022-05-31,300.59741211
2022-06-01,298.37426758
2022-06-02,306.54534912
2022-06-03,298.56933594
2022-06-06,299.56387329
2022-06-07,302.14776611
2022-06-08,299.97338867
2022-06-09,291.93875122
2022-06-10,281.64193726
2022-06-13,268.54666138
2022-06-14,269.03414917
2022-06-15,275.75241089
2022-06-16,264.62680054
2022-06-17,267.84454346
2022-06-21,274.60208130
2022-06-22,274.20153809
2022-06-23,278.28521729
2022-06-24,287.82028198
2022-06-27,285.71008301
2022-06-28,277.00540161
2022-06-29,277.25942993
2022-06-30,273.82052612
2022-07-01,275.62799072
2022-07-05,280.34661865
2022-07-06,282.14419556
2022-07-07,288.18179321
2022-07-08,288.54327393
2022-07-11,282.37866211
2022-07-12,279.64324951
2022-07-13,279.06680298
2022-07-14,280.06329346
2022-07-15,285.14346313
2022-07-18,282.73037720
2022-07-19,291.42517090
2022-07-20,296.04626465
2022-07-21,300.29595947
2022-07-22,295.03021240
2022-07-25,293.34985352
2022-07-26,287.58587646
2022-07-27,299.73922729
2022-07-28,302.67004395
2022-07-29,308.18978882
2022-08-01,308.00415039
2022-08-02,307.08575439
2022-08-03,315.44857788
2022-08-04,316.92379761
2022-08-05,314.33480835
2022-08-08,313.31878662
2022-08-09,309.77252197
2022-08-10,318.41848755
2022-08-11,316.61114502
2022-08-12,322.77575684
2022-08-15,325.38418579
2022-08-16,324.62216187
2022-08-17,320.91946411
2022-08-18,321.69128418
2022-08-19,315.41918945
2022-08-22,307.11505127
2022-08-23,306.86111450
2022-08-24,307.75018311
2022-08-25,313.19177246
2022-08-26,300.35458374
2022-08-29,297.39450073
2022-08-30,294.08255005
2022-08-31,292.37289429
2022-09-01,292.49993896
2022-09-02,288.36737061
2022-09-06,286.29623413
2022-09-07,292.07980347
2022-09-08,293.59408569
2022-09-09,300.01266479
2022-09-12,303.57855225
2022-09-13,286.93130493
2022-09-14,289.20761108
2022-09-15,284.39114380
2022-09-16,282.65219116
2022-09-19,284.85333252
2022-09-20,282.58273315
2022-09-21,277.52279663
2022-09-22,274.10708618
2022-09-23,269.64413452
2022-09-26,268.52847290
2022-09-27,268.63613892
2022-09-28,273.97985840
2022-09-29,266.08163452
2022-09-30,261.56985474
2022-10-03,267.70632935
2022-10-04,276.12335205
2022-10-05,275.97637939
2022-10-06,273.80371094
2022-10-07,263.37069702
2022-10-10,260.73791504
2022-10-11,257.15585327
2022-10-12,257.06774902
2022-10-13,263.09661865
2022-10-14,255.18862915
2022-10-17,263.61529541
2022-10-18,265.69998169
2022-10-19,264.73104858
2022-10-20,263.38043213
2022-10-21,269.55612183
2022-10-24,272.52157593
2022-10-25,278.15890503
2022-10-26,272.01263428
2022-10-27,267.06042480
2022-10-28,275.23263550
2022-10-31,272.03225708
2022-11-01,269.25271606
2022-11-02,260.02346802
2022-11-03,254.94403076
2022-11-04,259.04476929
2022-11-07,261.89279175
2022-11-08,263.80133057
2022-11-09,257.71368408
2022-11-10,276.73001099
2022-11-11,281.82907104
2022-11-14,279.36276245
2022-11-15,283.22869873
2022-11-16,279.36276245
2022-11-17,278.74627686
2022-11-18,278.75592041
2022-11-21,275.88839722
2022-11-22,279.86190796
2022-11-23,282.67083740
2022-11-25,280.81127930
2022-11-28,276.69091797
2022-11-29,274.59646606
2022-11-30,287.11413574
2022-12-01,287.46649170
2022-12-02,286.32138062
2022-12-05,281.51596069
2022-12-06,275.68283081
2022-12-07,274.55737305
2022-12-08,277.80667114
2022-12-09,276.03509521
2022-12-12,279.49978638
2022-12-13,282.50439453
2022-12-14,280.40997314
2022-12-15,270.99484253
2022-12-16,268.41104126
2022-12-19,264.63888550
2022-12-20,264.43292236
2022-12-21,268.26870728
2022-12-22,261.70556641
2022-12-23,262.29412842
2022-12-27,258.58572388
2022-12-28,255.17172241
2022-12-29,261.39160156
2022-12-30,261.23458862
2023-01-03,259.46871948
2023-01-04,260.70486450
2023-01-05,256.62368774
2023-01-06,263.70684814
2023-01-09,265.41387939
2023-01-10,267.66049194
2023-01-11,272.29107666
2023-01-12,273.76263428
2023-01-13,275.64633179
2023-01-17,276.20547485
2023-01-18,272.61486816
2023-01-19,269.93649292
2023-01-20,277.32385254
2023-01-23,283.48486328
2023-01-24,282.90606689
2023-01-25,282.27822876
2023-01-26,287.78189087
2023-01-27,290.64657593
2023-01-30,284.77008057
2023-01-31,289.03762817
2023-02-01,295.21832275
2023-02-02,305.81356812
2023-02-03,300.37863159
2023-02-06,297.83767700
2023-02-07,304.00848389
2023-02-08,298.60293579
2023-02-09,295.96380615
2023-02-10,294.02139282
2023-02-13,298.73046875
2023-02-14,300.93786621
2023-02-15,303.24331665
2023-02-16,297.55316162
2023-02-17,295.45373535
2023-02-21,288.45883179
2023-02-22,288.67468262
2023-02-23,291.19595337
2023-02-24,286.32012939
2023-02-27,288.37054443
2023-02-28,287.99771118
2023-03-01,285.68246460
2023-03-02,288.04684448
2023-03-03,294.00180054
2023-03-06,294.33529663
2023-03-07,290.72500610
2023-03-08,292.17700195
2023-03-09,287.11477661
2023-03-10,283.08270264
2023-03-13,285.18212891
2023-03-14,291.73553467
2023-03-15,293.26599121
2023-03-16,300.99667358
2023-03-17,299.57418823
2023-03-20,300.63726807
2023-03-21,304.93112183
2023-03-22,300.78472900
2023-03-23,304.35140991
2023-03-24,305.47158813
2023-03-27,303.37866211
2023-03-28,301.76724243
2023-03-29,307.26965332
2023-03-30,310.17810059
2023-03-31,315.33657837
2023-04-03,314.57019043
2023-04-04,313.50900269
2023-04-05,310.41394043
2023-04-06,312.50671387
2023-04-10,312.32986450
2023-04-11,310.32543945
2023-04-12,307.58404541
2023-04-13,313.60723877
2023-04-14,313.01766968
2023-04-17,313.28295898
2023-04-18,313.30261230
2023-04-19,313.15530396
2023-04-20,310.76760864
2023-04-21,311.09185791
2023-04-24,310.44332886
2023-04-25,304.58718872
2023-04-26,306.43447876
2023-04-27,314.76666260
2023-04-28,316.93811035
2023-05-01,316.57461548
2023-05-02,313.81359863
2023-05-03,311.75994873
2023-05-04,310.65951538
2023-05-05,317.26239014
2023-05-08,318.04843140
2023-05-09,316.03414917
2023-05-10,319.47320557
2023-05-11,320.51470947
2023-05-12,319.36508179
2023-05-15,321.09442139
2023-05-16,321.45800781
2023-05-17,325.34896851
2023-05-18,331.39175415
2023-05-19,330.64498901
2023-05-22,331.75540161
2023-05-23,327.54986572
2023-05-24,325.86968994
2023-05-25,333.79910278
2023-05-26,342.32778931
2023-05-30,343.88024902
2023-05-31,341.92492676
2023-06-01,345.87490845
2023-06-02,348.46890259
2023-06-05,348.71453857
2023-06-06,348.65551758
2023-06-07,342.74050903
2023-06-08,346.99499512
2023-06-09,348.32147217
2023-06-12,354.20703125
2023-06-13,356.92883301
2023-06-14,359.52282715
2023-06-15,363.80685425
2023-06-16,361.51739502
2023-06-20,360.99984741
2023-06-21,356.08026123
2023-06-22,360.28158569
2023-06-23,356.70996094
2023-06-26,351.92816162
2023-06-27,357.97921753
2023-06-28,358.67779541
2023-06-29,357.95959473
2023-06-30,363.47933960
2023-07-03,364.33529663
2023-07-05,364.32556152
2023-07-06,361.55087280
2023-07-07,360.35040283
2023-07-10,360.46853638
2023-07-11,362.24945068
2023-07-12,366.82467651
2023-07-13,373.05291748
2023-07-14,372.97418213
2023-07-17,376.45721436
2023-07-18,379.53686523
2023-07-19,379.44836426
2023-07-20,370.70129395
2023-07-21,369.58947754
2023-07-24,370.17987061
2023-07-25,372.68881226
2023-07-26,371.44906616
2023-07-27,370.56356812
2023-07-28,377.31320190
2023-07-31,377.50997925
2023-08-01,376.63436890
2023-08-02,368.36950684
2023-08-03,367.77905273
2023-08-04,366.05725098
2023-08-07,369.15658569
2023-08-08,366.01785278
2023-08-09,361.99362183
2023-08-10,362.66262817
2023-08-11,360.35040283
2023-08-14,364.39437866
2023-08-15,360.52767944
2023-08-16,356.70996094
2023-08-17,352.81369019
2023-08-18,352.37091064
2023-08-21,358.04809570
2023-08-22,357.53649902
2023-08-23,363.17428589
2023-08-24,355.41116333
2023-08-25,358.16616821
2023-08-28,360.86215210
2023-08-29,368.74328613
2023-08-30,370.79971313
2023-08-31,371.91152954
2023-09-01,371.51788330
2023-09-05,371.99023438
2023-09-06,368.71377563
2023-09-07,366.07693481
2023-09-08,366.58850098
2023-09-11,370.90792847
2023-09-12,366.79519653
2023-09-13,368.19229126
2023-09-14,371.20306396
2023-09-15,364.84692383
2023-09-18,365.22735596
2023-09-19,364.44888306
2023-09-20,359.19699097
2023-09-21,352.61492920
2023-09-22,352.66418457
2023-09-25,354.33923340
2023-09-26,349.01843262
2023-09-27,349.83630371
2023-09-28,352.76269531
2023-09-29,353.01892090
2023-10-02,355.96511841
2023-10-03,349.71798706
2023-10-04,354.47723389
2023-10-05,353.43280029
2023-10-06,359.35467529
2023-10-09,361.18743896
2023-10-10,363.18759155
2023-10-11,365.77908325
2023-10-12,364.50799561
2023-10-13,359.92611694
2023-10-16,363.99566650
2023-10-17,362.80337524
2023-10-18,358.04418945
2023-10-19,354.69403076
2023-10-20,349.40270996
2023-10-23,350.45706177
2023-10-24,353.86630249
2023-10-25,345.20513916
2023-10-26,338.62307739
2023-10-27,340.24887085
2023-10-30,344.08187866
2023-10-31,345.72738647
2023-11-01,351.72814941
2023-11-02,358.11312866
2023-11-03,362.32058716
2023-11-06,363.79861450
2023-11-07,367.23742676
2023-11-08,367.47393799
2023-11-09,364.64593506
2023-11-10,372.84402466
2023-11-13,371.68133545
2023-11-14,379.68225098
2023-11-15,379.96804810
2023-11-16,380.29324341
2023-11-17,380.38195801
2023-11-20,385.01303101
2023-11-21,382.77630615
2023-11-22,384.34304810
2023-11-24,383.80108643
2023-11-27,383.46603394
2023-11-28,384.47106934
2023-11-29,384.09667969
2023-11-30,383.13101196
2023-12-01,384.22473145
2023-12-04,380.65777588
2023-12-05,381.61358643
2023-12-06,379.40640259
2023-12-07,384.70758057
2023-12-08,386.42205811
2023-12-11,389.72299194
2023-12-12,392.82678223
2023-12-13,397.82247925
2023-12-14,397.47763062
2023-12-15,399.39901733
2023-12-18,401.91467285
2023-12-19,403.96832275
2023-12-20,397.96545410
2023-12-21,402.59597778
2023-12-22,403.19824219
2023-12-26,405.66650391
2023-12-27,406.49234009
2023-12-28,406.29473877
2023-12-29,404.53637695
2024-01-02,397.69076538
2024-01-03,393.48260498
2024-01-04,391.45751953
2024-01-05,391.92181396
2024-01-08,400.02206421
2024-01-09,400.81231689
2024-01-10,403.52886963
2024-01-11,404.36846924
2024-01-12,404.57589722
2024-01-16,404.53637695
2024-01-17,402.25448608
2024-01-18,407.96423340
2024-01-19,416.05453491
2024-01-22,416.59786987
2024-01-23,418.32653809
2024-01-24,420.64791870
2024-01-25,421.16162109
2024-01-26,418.65249634
2024-01-29,422.93966675
2024-01-30,420.12435913
2024-01-31,411.89572144
2024-02-01,416.74606323
2024-02-02,423.78924561
2024-02-05,423.23608398
2024-02-06,422.38653564
2024-02-07,426.73294067
2024-02-08,427.52325439
2024-02-09,431.73135376
2024-02-12,430.04220581
2024-02-13,423.33480835
2024-02-14,427.94799805
2024-02-15,429.22232056
2024-02-16,425.33023071
2024-02-20,422.11984253
2024-02-21,420.43054199
2024-02-22,432.73898315
2024-02-23,431.46466064
2024-02-26,431.23745728
2024-02-27,432.27468872
2024-02-28,429.97302246
2024-02-29,433.65771484
2024-03-01,440.18725586
2024-03-04,438.61657715
2024-03-05,430.74359131
2024-03-06,433.45022583
2024-03-07,440.02917480
2024-03-08,433.67745972
2024-03-11,432.06729126
2024-03-12,438.26092529
2024-03-13,434.89248657
2024-03-14,433.79598999
2024-03-15,428.63952637
2024-03-18,432.72763062
2024-03-19,433.80572510
2024-03-20,438.94918823
2024-03-21,441.02645874
2024-03-22,441.53091431
2024-03-25,439.92855835
2024-03-26,438.50418091
2024-03-27,439.99777222
2024-03-28,439.18664551
2024-04-01,440.11648560
2024-04-02,436.31811523
2024-04-03,437.29739380
2024-04-04,430.61087036
2024-04-05,435.68515015
2024-04-08,435.81375122
2024-04-09,437.42602539
2024-04-10,433.60794067
2024-04-11,440.53186035
2024-04-12,433.50900269
2024-04-15,426.37734985
2024-04-16,426.41690063
2024-04-17,421.21405029
2024-04-18,418.81042480
2024-04-19,410.14556885
2024-04-22,414.27032471
2024-04-23,420.45242310
2024-04-24,421.87677002
2024-04-25,419.83920288
2024-04-26,426.31799316
2024-04-29,428.04895020
2024-04-30,419.97756958
2024-05-01,416.94094849
2024-05-02,422.26251221
2024-05-03,430.74932861
2024-05-06,435.46749878
2024-05-07,435.53671265
2024-05-08,435.27957153
2024-05-09,436.22915649
2024-05-10,437.25787354
2024-05-13,438.26678467
2024-05-14,441.08578491
2024-05-15,447.98010254
2024-05-16,447.07006836
2024-05-17,446.85247803
2024-05-20,449.96826172
2024-05-21,450.84857178
2024-05-22,450.75955200
2024-05-23,448.73187256
2024-05-24,452.97525024
2024-05-28,454.68646240
2024-05-29,451.48162842
2024-05-30,446.64471436
2024-05-31,445.81384277
2024-06-03,448.20758057
2024-06-04,449.43411255
2024-06-05,458.49459839
2024-06-06,458.33636475
2024-06-07,457.93081665
2024-06-10,459.78051758
2024-06-11,462.93585205
2024-06-12,468.99923706
2024-06-13,471.54129028
2024-06-14,473.98449707
2024-06-17,479.79074097
2024-06-18,479.93908691
2024-06-20,476.23971558
2024-06-21,474.96374512
2024-06-24,469.55645752
2024-06-25,474.92611694
2024-06-26,475.90692139
2024-06-27,477.13534546
2024-06-28,474.65859985
2024-07-01,477.44247437
2024-07-02,482.45550537
2024-07-03,486.47775269
2024-07-05,491.55017090
2024-07-08,492.71923828
2024-07-09,493.14523315
2024-07-10,498.28701782
2024-07-11,487.35949707
2024-07-12,490.22271729
2024-07-15,491.54031372
2024-07-16,491.72854614
2024-07-17,477.29385376
2024-07-18,475.03509521
2024-07-19,470.82452393
2024-07-22,477.83877563
2024-07-23,476.15463257
2024-07-24,459.07476807
2024-07-25,454.01223755
2024-07-26,458.66857910
2024-07-29,459.58993530
2024-07-30,453.27911377
2024-07-31,466.69329834
2024-08-01,455.38934326
2024-08-02,444.58068848
2024-08-05,431.32501221
2024-08-06,435.44631958
2024-08-07,430.73052979
2024-08-08,443.90704346
2024-08-09,446.22528076
2024-08-12,447.18627930
2024-08-13,458.28213501
2024-08-14,458.43081665
2024-08-15,470.01217651
2024-08-16,470.61651611
2024-08-19,476.79852295
2024-08-20,475.79794312
2024-08-21,478.01712036
2024-08-22,470.43820190
2024-08-23,475.54031372
2024-08-26,470.92361450
2024-08-27,472.33041382
2024-08-28,466.97073364
2024-08-29,466.28710938
2024-08-30,471.84497070
2024-09-03,457.51934814
2024-09-04,456.33044434
2024-09-05,456.75646973
2024-09-06,444.52124023
2024-09-09,450.23764038
2024-09-10,454.39862061
2024-09-11,464.26605225
2024-09-12,468.82336426
2024-09-13,470.92361450
2024-09-16,468.84313965
2024-09-17,469.09082031
2024-09-18,467.05987549
2024-09-19,478.86911011
2024-09-20,477.95767212
2024-09-23,479.22460938
2024-09-24,481.53616333
2024-09-25,481.98260498
2024-09-26,485.60379028
2024-09-27,482.90530396
2024-09-30,484.21484375
2024-10-01,477.46853638
2024-10-02,478.14321899
2024-10-03,477.78601074
2024-10-04,483.47079468
2024-10-07,478.29202271
2024-10-08,485.43511963
2024-10-09,489.25473022
2024-10-10,488.69912720
2024-10-11,489.46307373
2024-10-14,493.57034302
2024-10-15,486.97293091
2024-10-16,487.03240967
2024-10-17,487.36972046
2024-10-18,490.56427002
2024-10-21,491.50677490
2024-10-22,492.04254150
2024-10-23,484.50256348
2024-10-24,488.43127441
2024-10-25,491.40759277
2024-10-28,491.48690796
2024-10-29,496.20935059
2024-10-30,492.45925903
2024-10-31,480.02819824
2024-11-01,483.57992554
2024-11-04,482.17111206
2024-11-05,488.32214355
2024-11-06,501.58651733
2024-11-07,509.48358154
2024-11-08,510.07897949
2024-11-11,509.78131104
2024-11-12,508.85858154
2024-11-13,508.20382690
2024-11-14,504.67202759
2024-11-15,492.64770508
2024-11-18,496.07043457
2024-11-19,499.48327637
2024-11-20,499.19558716
2024-11-21,500.99130249
2024-11-22,501.79489136
2024-11-25,502.58856201
2024-11-26,505.28710938
2024-11-27,501.30877686
2024-11-29,505.71368408
2024-12-02,511.21987915
2024-12-03,512.78735352
2024-12-04,519.12689209
2024-12-05,517.68835449
2024-12-06,522.32141113
2024-12-09,518.25390625
2024-12-10,516.48785400
2024-12-11,525.73425293
2024-12-12,522.34130859
2024-12-13,526.33953857
2024-12-16,533.91906738
2024-12-17,531.56781006
2024-12-18,512.39056396
2024-12-19,510.10867310
2024-12-20,514.56323242
2024-12-23,519.57647705
2024-12-24,526.62170410
2024-12-26,526.26403809
2024-12-27,519.26837158
2024-12-30,512.36218262
2024-12-31,508.00979614
2025-01-02,507.01608276
2025-01-03,515.31347656
2025-01-06,521.23590088
2025-01-07,511.93484497
2025-01-08,512.02435303
2025-01-10,503.99520874
2025-01-13,502.37548828
2025-01-14,501.89852905
2025-01-15,513.44531250
2025-01-16,509.84814453
2025-01-17,518.45355225
2025-01-21,521.49432373
2025-01-22,528.16198730
2025-01-23,529.28491211
2025-01-24,526.29382324
2025-01-27,510.97100830
2025-01-28,518.52319336
2025-01-29,517.54937744
2025-01-30,519.75524902
2025-01-31,519.00006104
2025-02-03,514.84643555
2025-02-04,521.16638184
2025-02-05,523.53137207
2025-02-06,526.26403809
2025-02-07,519.62615967
2025-02-10,525.91619873
2025-02-11,524.66418457
2025-02-12,524.97229004
2025-02-13,532.52441406
2025-02-14,534.76019287
2025-02-18,535.97247314
2025-02-19,536.12158203
2025-02-20,533.84594727
2025-02-21,522.76623535
2025-02-24,516.59533691
2025-02-25,510.08660889
2025-02-26,511.31878662
2025-02-27,497.11877441
2025-02-28,504.96905518
2025-03-03,493.91909790
2025-03-04,492.42852783
2025-03-05,498.84780884
2025-03-06,485.12484741
2025-03-07,488.69219971
2025-03-10,469.75228882
2025-03-11,468.62939453
2025-03-12,473.91592407
2025-03-13,465.38992310
2025-03-14,476.63864136
2025-03-17,479.72903442
2025-03-18,471.55090332
2025-03-19,477.86090088
2025-03-20,476.24114990
2025-03-21,477.81118774
2025-03-24,488.29644775
2025-03-25,491.08291626
2025-03-26,482.04669189
2025-03-27,479.30001831
2025-03-28,466.68106079
2025-03-31,466.66116333
2025-04-01,470.42300415
2025-04-02,473.85632324
2025-04-03,448.48913574
2025-04-04,420.63397217
2025-04-07,421.64904785
2025-04-08,414.05578613
2025-04-09,463.75521851
2025-04-10,444.03070068
2025-04-11,452.21109009
2025-04-14,455.27630615
2025-04-15,455.78381348
2025-04-16,442.04034424
2025-04-17,441.96072388
2025-04-21,431.02362061
2025-04-22,442.33886719
2025-04-23,452.37033081
2025-04-24,465.09875488
2025-04-25,470.28363037
2025-04-28,470.13436890
2025-04-29,473.23934937
2025-04-30,473.17959595
2025-05-01,479.35964966
2025-05-02,486.47525024
2025-05-05,483.58920288
2025-05-06,479.09100342
2025-05-07,480.97186279
2025-05-08,485.93783569
2025-05-09,485.61941528
2025-05-12,505.40365601
2025-05-13,513.10638428
2025-05-14,516.18145752
2025-05-15,516.74865723
2025-05-16,518.99786377
2025-05-19,519.49542236
2025-05-20,517.76379395
2025-05-21,510.56863403
2025-05-22,511.52404785
2025-05-23,506.78692627
2025-05-27,518.70916748
2025-05-28,516.41033936
2025-05-29,517.42541504
2025-05-30,516.60937500
2025-06-02,520.68969727
2025-06-03,524.75994873
2025-06-04,526.22290039
2025-06-05,522.26196289
2025-06-06,527.36730957
2025-06-09,528.14349365
2025-06-10,531.63671875
2025-06-11,529.84527588
2025-06-12,531.08923340
2025-06-13,524.42156982
2025-06-16,531.71624756
2025-06-17,526.53137207
2025-06-18,526.44177246
2025-06-20,524.29223633
2025-06-23,529.68322754
2025-06-24,537.78314209
2025-06-25,539.15795898
2025-06-26,544.19921875
2025-06-27,546.06237793
2025-06-30,549.59924316
2025-07-01,544.96643066
2025-07-02,548.76232910
2025-07-03,554.16229248
2025-07-07,549.98779297
2025-07-08,550.29669189
2025-07-09,554.19213867
2025-07-10,553.39514160
2025-07-11,552.14978027
2025-07-14,554.15234375
2025-07-15,554.66040039
2025-07-16,555.22839355
2025-07-17,559.72161865
2025-07-18,559.18365479
2025-07-21,562.08288574
2025-07-22,559.17370605
2025-07-23,561.72418213
2025-07-24,562.91973877
2025-07-25,564.27478027
2025-07-28,566.03820801
2025-07-29,565.16149902
2025-07-30,565.91864014
2025-07-31,562.91973877
2025-08-01,551.83093262
2025-08-04,562.01312256
2025-08-05,558.19732666
2025-08-06,565.22131348
2025-08-07,567.13409424
2025-08-08,572.42449951
2025-08-11,570.73071289
2025-08-12,577.90411377
2025-08-13,578.19311523
2025-08-14,577.74468994
2025-08-15,575.20422363
2025-08-18,574.97503662
2025-08-19,567.17395020
2025-08-20,563.80645752
2025-08-21,561.19622803
2025-08-22,569.85400391
2025-08-25,568.21020508
2025-08-26,570.49157715
2025-08-27,571.36840820
2025-08-28,574.94512939
2025-08-29,568.28985596
2025-09-02,563.52752686
2025-09-03,567.96105957
2025-09-04,573.10192871
2025-09-05,573.92889404
2025-09-08,576.72851562
2025-09-09,578.36242676
2025-09-10,578.55175781
2025-09-11,581.91925049
2025-09-12,584.48968506
2025-09-15,589.49108887
2025-09-16,588.99291992
2025-09-17,587.81738281
2025-09-18,593.11767578
2025-09-19,597.13275146
2025-09-22,600.66772461
2025-09-23,596.67791748
2025-09-24,594.58325195
2025-09-25,592.01983643
2025-09-26,594.45355225
2025-09-29,597.20654297
2025-09-30,598.84240723
2025-10-01,601.71502686
2025-10-02,604.18872070
2025-10-03,601.64526367
2025-10-06,606.16369629
2025-10-07,602.97186279
2025-10-08,609.88421631
2025-10-09,609.14611816
2025-10-10,588.00006104
2025-10-13,600.47821045
2025-10-14,596.47845459
2025-10-15,600.68768311
2025-10-16,598.46337891
2025-10-17,602.39331055
2025-10-20,609.98394775
2025-10-21,609.82440186
2025-10-22,603.94934082
2025-10-23,609.02642822
2025-10-24,615.52978516
2025-10-27,626.49188232
2025-10-28,631.30957031
2025-10-29,634.15234375
2025-10-30,624.45703125
2025-10-31,627.46942139
2025-11-03,630.47167969
2025-11-04,617.67431641
2025-11-05,621.69415283
2025-11-06,610.11364746
2025-11-07,608.18853760
2025-11-10,621.64422607
2025-11-11,619.98846436
2025-11-12,619.49969482
2025-11-13,606.85198975
2025-11-14,607.31079102
2025-11-17,602.12402344
2025-11-18,594.79266357
2025-11-19,598.34362793
2025-11-20,584.17974854
2025-11-21,588.56860352
2025-11-24,603.62017822
2025-11-25,607.34075928
2025-11-26,612.70703125
2025-11-28,617.67431641
2025-12-01,615.59960938
2025-12-02,620.41729736
2025-12-03,621.93347168
2025-12-04,621.35498047
2025-12-05,623.88848877
2025-12-08,622.69152832
2025-12-09,623.45953369
2025-12-10,626.01306152
2025-12-11,623.98828125
2025-12-12,612.05865479
2025-12-15,608.98651123
2025-12-16,610.19342041
2025-12-17,598.88226318
2025-12-18,607.56011963
2025-12-19,615.47998047
2025-12-22,618.43023682
2025-12-23,621.32653809
2025-12-24,623.14428711
2025-12-26,623.10430908
2025-12-29,620.08813477
2025-12-30,618.64990234
2025-12-31,613.53637695
2026-01-02,612.34790039
2026-01-05,617.21173096
2026-01-06,622.63488770
2026-01-07,623.23419189
2026-01-08,619.68859863
2026-01-09,625.86083984
2026-01-12,626.38018799
2026-01-13,625.45135498
2026-01-14,618.76977539
2026-01-15,620.99700928
2026-01-16,620.47766113
2026-01-20,607.29425049
2026-01-21,615.50390625
2026-01-22,619.97827148
2026-01-23,621.93579102
2026-01-26,624.67236328
2026-01-27,630.33520508
2026-01-28,632.42254639
2026-01-29,628.63732910
2026-01-30,621.08685303
2026-02-02,625.35150146
2026-02-03,615.74359131
2026-02-04,604.98718262
2026-02-05,596.27819824
2026-02-06,608.88226318
2026-02-09,613.54638672
2026-02-10,610.69995117
2026-02-11,612.33789062
2026-02-12,599.88360596
2026-02-13,601.16198730
2026-02-17,600.54272461
2026-02-18,605.02709961
2026-02-19,602.71002197
2026-02-20,608.04333496
2026-02-23,600.65258789
2026-02-24,607.10449219
2026-02-25,615.90338135
2026-02-26,608.47277832
2026-02-27,606.52520752
2026-03-02,607.32421875
2026-03-03,600.82244873
2026-03-04,609.98089600
2026-03-05,608.14312744
2026-03-06,598.99468994
2026-03-09,606.99462891
2026-03-10,607.00463867
2026-03-11,606.92474365
2026-03-12,596.50787354
2026-03-13,592.97229004
2026-03-16,599.62390137
2026-03-17,602.55023193
2026-03-18,594.15087891
2026-03-19,592.27319336
2026-03-20,581.32696533
2026-03-23,588.00000000
2026-03-24,583.97998047
2026-03-25,587.82000732
2026-03-26,573.78997803
2026-03-27,562.58001709
2026-03-30,558.28002930
2026-03-31,577.17999268
2026-04-01,584.30999756
2026-04-02,584.97998047
